{
  "total_items": 10,
  "total_quantity": 25,
  "total_weight_kg": 981.5,
  "total_volume_cbm": 21.2,
  "total_value": 94200.0,
  "fragile_items": 3,
  "need_packing_items": 10,
  "category_stats": {
    "家具": {
      "count": 4,
      "weight": 450.5,
      "volume": 10.3,
      "value": 19900.0
    },
    "电器": {
      "count": 4,
      "weight": 232.0,
      "volume": 2.8000000000000003,
      "value": 20100.0
    },
    "衣物": {
      "count": 5,
      "weight": 60.0,
      "volume": 4.0,
      "value": 10000.0
    },
    "厨房用品": {
      "count": 1,
      "weight": 15.0,
      "volume": 0.3,
      "value": 1800.0
    },
    "书籍": {
      "count": 8,
      "weight": 200.0,
      "volume": 3.2,
      "value": 25600.0
    },
    "装饰品": {
      "count": 3,
      "weight": 24.0,
      "volume": 0.6000000000000001,
      "value": 16800.0
    }
  },
  "error_count": 0,
  "warning_count": 0,
  "_meta": {
    "items_hash": "ccf77f830c37eb9f1a57bc9d5181358deb6e491800d60839c767d20a53edcc04",
    "config_hash": "27f5342f5ca647399ed01cf7ab5b66595d0d3b5796915a1607e8c46ef8e0b01f",
    "filters_hash": "44136fa355b3678a1146ad16f7e8649e94fb4fc21fe77e8310c060f61caaff8a",
    "source": "北京-朝阳仓"
  }
}